-- Seed data: users(6), categories(20), posts(120), comments(120), likes(180), bookmarks(120)

INSERT INTO users (id, email, password_hash, role, status, created_at, updated_at) VALUES
  (1, 'admin@blogtp.local', '$2b$10$LgYn54v8GBkc1muxS.KQSugoeNoRjA.haTNKoSBkSrypE4SV43mSK', 'ROLE_ADMIN', 'ACTIVE', UTC_TIMESTAMP(6), UTC_TIMESTAMP(6)),
  (2, 'user1@blogtp.local', '$2b$10$d7JTKjY/ntwztAAuPbLJ6.otDcviw2JRuvDTjwCwMe.cfBemS51Ke', 'ROLE_USER', 'ACTIVE', UTC_TIMESTAMP(6), UTC_TIMESTAMP(6)),
  (3, 'user2@blogtp.local', '$2b$10$d7JTKjY/ntwztAAuPbLJ6.otDcviw2JRuvDTjwCwMe.cfBemS51Ke', 'ROLE_USER', 'ACTIVE', UTC_TIMESTAMP(6), UTC_TIMESTAMP(6)),
  (4, 'user3@blogtp.local', '$2b$10$d7JTKjY/ntwztAAuPbLJ6.otDcviw2JRuvDTjwCwMe.cfBemS51Ke', 'ROLE_USER', 'ACTIVE', UTC_TIMESTAMP(6), UTC_TIMESTAMP(6)),
  (5, 'user4@blogtp.local', '$2b$10$d7JTKjY/ntwztAAuPbLJ6.otDcviw2JRuvDTjwCwMe.cfBemS51Ke', 'ROLE_USER', 'ACTIVE', UTC_TIMESTAMP(6), UTC_TIMESTAMP(6)),
  (6, 'user5@blogtp.local', '$2b$10$d7JTKjY/ntwztAAuPbLJ6.otDcviw2JRuvDTjwCwMe.cfBemS51Ke', 'ROLE_USER', 'ACTIVE', UTC_TIMESTAMP(6), UTC_TIMESTAMP(6));

INSERT INTO categories (id, name, created_at, updated_at) VALUES
  (1, 'Category 1', UTC_TIMESTAMP(6), UTC_TIMESTAMP(6)),
  (2, 'Category 2', UTC_TIMESTAMP(6), UTC_TIMESTAMP(6)),
  (3, 'Category 3', UTC_TIMESTAMP(6), UTC_TIMESTAMP(6)),
  (4, 'Category 4', UTC_TIMESTAMP(6), UTC_TIMESTAMP(6)),
  (5, 'Category 5', UTC_TIMESTAMP(6), UTC_TIMESTAMP(6)),
  (6, 'Category 6', UTC_TIMESTAMP(6), UTC_TIMESTAMP(6)),
  (7, 'Category 7', UTC_TIMESTAMP(6), UTC_TIMESTAMP(6)),
  (8, 'Category 8', UTC_TIMESTAMP(6), UTC_TIMESTAMP(6)),
  (9, 'Category 9', UTC_TIMESTAMP(6), UTC_TIMESTAMP(6)),
  (10, 'Category 10', UTC_TIMESTAMP(6), UTC_TIMESTAMP(6)),
  (11, 'Category 11', UTC_TIMESTAMP(6), UTC_TIMESTAMP(6)),
  (12, 'Category 12', UTC_TIMESTAMP(6), UTC_TIMESTAMP(6)),
  (13, 'Category 13', UTC_TIMESTAMP(6), UTC_TIMESTAMP(6)),
  (14, 'Category 14', UTC_TIMESTAMP(6), UTC_TIMESTAMP(6)),
  (15, 'Category 15', UTC_TIMESTAMP(6), UTC_TIMESTAMP(6)),
  (16, 'Category 16', UTC_TIMESTAMP(6), UTC_TIMESTAMP(6)),
  (17, 'Category 17', UTC_TIMESTAMP(6), UTC_TIMESTAMP(6)),
  (18, 'Category 18', UTC_TIMESTAMP(6), UTC_TIMESTAMP(6)),
  (19, 'Category 19', UTC_TIMESTAMP(6), UTC_TIMESTAMP(6)),
  (20, 'Category 20', UTC_TIMESTAMP(6), UTC_TIMESTAMP(6));

INSERT INTO posts (id, author_id, category_id, title, content, published, created_at, updated_at) VALUES
  (1, 6, 3, 'Sample Post 1', 'This is sample content for post 1. Lorem ipsum dolor sit amet.\\n\\n- bullet A\\n- bullet B', 1, UTC_TIMESTAMP(6), UTC_TIMESTAMP(6)),
  (2, 1, 8, 'Sample Post 2', 'This is sample content for post 2. Lorem ipsum dolor sit amet.\\n\\n- bullet A\\n- bullet B', 1, UTC_TIMESTAMP(6), UTC_TIMESTAMP(6)),
  (3, 2, 7, 'Sample Post 3', 'This is sample content for post 3. Lorem ipsum dolor sit amet.\\n\\n- bullet A\\n- bullet B', 0, UTC_TIMESTAMP(6), UTC_TIMESTAMP(6)),
  (4, 2, 3, 'Sample Post 4', 'This is sample content for post 4. Lorem ipsum dolor sit amet.\\n\\n- bullet A\\n- bullet B', 1, UTC_TIMESTAMP(6), UTC_TIMESTAMP(6)),
  (5, 6, 17, 'Sample Post 5', 'This is sample content for post 5. Lorem ipsum dolor sit amet.\\n\\n- bullet A\\n- bullet B', 1, UTC_TIMESTAMP(6), UTC_TIMESTAMP(6)),
  (6, 1, 18, 'Sample Post 6', 'This is sample content for post 6. Lorem ipsum dolor sit amet.\\n\\n- bullet A\\n- bullet B', 0, UTC_TIMESTAMP(6), UTC_TIMESTAMP(6)),
  (7, 4, 1, 'Sample Post 7', 'This is sample content for post 7. Lorem ipsum dolor sit amet.\\n\\n- bullet A\\n- bullet B', 1, UTC_TIMESTAMP(6), UTC_TIMESTAMP(6)),
  (8, 1, 2, 'Sample Post 8', 'This is sample content for post 8. Lorem ipsum dolor sit amet.\\n\\n- bullet A\\n- bullet B', 1, UTC_TIMESTAMP(6), UTC_TIMESTAMP(6)),
  (9, 2, 7, 'Sample Post 9', 'This is sample content for post 9. Lorem ipsum dolor sit amet.\\n\\n- bullet A\\n- bullet B', 0, UTC_TIMESTAMP(6), UTC_TIMESTAMP(6)),
  (10, 5, 19, 'Sample Post 10', 'This is sample content for post 10. Lorem ipsum dolor sit amet.\\n\\n- bullet A\\n- bullet B', 1, UTC_TIMESTAMP(6), UTC_TIMESTAMP(6)),
  (11, 1, 17, 'Sample Post 11', 'This is sample content for post 11. Lorem ipsum dolor sit amet.\\n\\n- bullet A\\n- bullet B', 1, UTC_TIMESTAMP(6), UTC_TIMESTAMP(6)),
  (12, 2, 20, 'Sample Post 12', 'This is sample content for post 12. Lorem ipsum dolor sit amet.\\n\\n- bullet A\\n- bullet B', 0, UTC_TIMESTAMP(6), UTC_TIMESTAMP(6)),
  (13, 6, 17, 'Sample Post 13', 'This is sample content for post 13. Lorem ipsum dolor sit amet.\\n\\n- bullet A\\n- bullet B', 1, UTC_TIMESTAMP(6), UTC_TIMESTAMP(6)),
  (14, 4, 7, 'Sample Post 14', 'This is sample content for post 14. Lorem ipsum dolor sit amet.\\n\\n- bullet A\\n- bullet B', 1, UTC_TIMESTAMP(6), UTC_TIMESTAMP(6)),
  (15, 4, 18, 'Sample Post 15', 'This is sample content for post 15. Lorem ipsum dolor sit amet.\\n\\n- bullet A\\n- bullet B', 0, UTC_TIMESTAMP(6), UTC_TIMESTAMP(6)),
  (16, 3, NULL, 'Sample Post 16', 'This is sample content for post 16. Lorem ipsum dolor sit amet.\\n\\n- bullet A\\n- bullet B', 1, UTC_TIMESTAMP(6), UTC_TIMESTAMP(6)),
  (17, 2, 13, 'Sample Post 17', 'This is sample content for post 17. Lorem ipsum dolor sit amet.\\n\\n- bullet A\\n- bullet B', 1, UTC_TIMESTAMP(6), UTC_TIMESTAMP(6)),
  (18, 3, 8, 'Sample Post 18', 'This is sample content for post 18. Lorem ipsum dolor sit amet.\\n\\n- bullet A\\n- bullet B', 0, UTC_TIMESTAMP(6), UTC_TIMESTAMP(6)),
  (19, 2, 6, 'Sample Post 19', 'This is sample content for post 19. Lorem ipsum dolor sit amet.\\n\\n- bullet A\\n- bullet B', 1, UTC_TIMESTAMP(6), UTC_TIMESTAMP(6)),
  (20, 3, 3, 'Sample Post 20', 'This is sample content for post 20. Lorem ipsum dolor sit amet.\\n\\n- bullet A\\n- bullet B', 1, UTC_TIMESTAMP(6), UTC_TIMESTAMP(6)),
  (21, 1, 12, 'Sample Post 21', 'This is sample content for post 21. Lorem ipsum dolor sit amet.\\n\\n- bullet A\\n- bullet B', 0, UTC_TIMESTAMP(6), UTC_TIMESTAMP(6)),
  (22, 1, 11, 'Sample Post 22', 'This is sample content for post 22. Lorem ipsum dolor sit amet.\\n\\n- bullet A\\n- bullet B', 1, UTC_TIMESTAMP(6), UTC_TIMESTAMP(6)),
  (23, 3, 19, 'Sample Post 23', 'This is sample content for post 23. Lorem ipsum dolor sit amet.\\n\\n- bullet A\\n- bullet B', 1, UTC_TIMESTAMP(6), UTC_TIMESTAMP(6)),
  (24, 3, 1, 'Sample Post 24', 'This is sample content for post 24. Lorem ipsum dolor sit amet.\\n\\n- bullet A\\n- bullet B', 0, UTC_TIMESTAMP(6), UTC_TIMESTAMP(6)),
  (25, 6, 14, 'Sample Post 25', 'This is sample content for post 25. Lorem ipsum dolor sit amet.\\n\\n- bullet A\\n- bullet B', 1, UTC_TIMESTAMP(6), UTC_TIMESTAMP(6)),
  (26, 5, 3, 'Sample Post 26', 'This is sample content for post 26. Lorem ipsum dolor sit amet.\\n\\n- bullet A\\n- bullet B', 1, UTC_TIMESTAMP(6), UTC_TIMESTAMP(6)),
  (27, 4, 2, 'Sample Post 27', 'This is sample content for post 27. Lorem ipsum dolor sit amet.\\n\\n- bullet A\\n- bullet B', 0, UTC_TIMESTAMP(6), UTC_TIMESTAMP(6)),
  (28, 5, 9, 'Sample Post 28', 'This is sample content for post 28. Lorem ipsum dolor sit amet.\\n\\n- bullet A\\n- bullet B', 1, UTC_TIMESTAMP(6), UTC_TIMESTAMP(6)),
  (29, 6, 19, 'Sample Post 29', 'This is sample content for post 29. Lorem ipsum dolor sit amet.\\n\\n- bullet A\\n- bullet B', 1, UTC_TIMESTAMP(6), UTC_TIMESTAMP(6)),
  (30, 3, 18, 'Sample Post 30', 'This is sample content for post 30. Lorem ipsum dolor sit amet.\\n\\n- bullet A\\n- bullet B', 0, UTC_TIMESTAMP(6), UTC_TIMESTAMP(6)),
  (31, 2, 2, 'Sample Post 31', 'This is sample content for post 31. Lorem ipsum dolor sit amet.\\n\\n- bullet A\\n- bullet B', 1, UTC_TIMESTAMP(6), UTC_TIMESTAMP(6)),
  (32, 1, 7, 'Sample Post 32', 'This is sample content for post 32. Lorem ipsum dolor sit amet.\\n\\n- bullet A\\n- bullet B', 1, UTC_TIMESTAMP(6), UTC_TIMESTAMP(6)),
  (33, 3, 2, 'Sample Post 33', 'This is sample content for post 33. Lorem ipsum dolor sit amet.\\n\\n- bullet A\\n- bullet B', 0, UTC_TIMESTAMP(6), UTC_TIMESTAMP(6)),
  (34, 2, 3, 'Sample Post 34', 'This is sample content for post 34. Lorem ipsum dolor sit amet.\\n\\n- bullet A\\n- bullet B', 1, UTC_TIMESTAMP(6), UTC_TIMESTAMP(6)),
  (35, 4, 8, 'Sample Post 35', 'This is sample content for post 35. Lorem ipsum dolor sit amet.\\n\\n- bullet A\\n- bullet B', 1, UTC_TIMESTAMP(6), UTC_TIMESTAMP(6)),
  (36, 4, 20, 'Sample Post 36', 'This is sample content for post 36. Lorem ipsum dolor sit amet.\\n\\n- bullet A\\n- bullet B', 0, UTC_TIMESTAMP(6), UTC_TIMESTAMP(6)),
  (37, 3, 5, 'Sample Post 37', 'This is sample content for post 37. Lorem ipsum dolor sit amet.\\n\\n- bullet A\\n- bullet B', 1, UTC_TIMESTAMP(6), UTC_TIMESTAMP(6)),
  (38, 3, 11, 'Sample Post 38', 'This is sample content for post 38. Lorem ipsum dolor sit amet.\\n\\n- bullet A\\n- bullet B', 1, UTC_TIMESTAMP(6), UTC_TIMESTAMP(6)),
  (39, 2, 8, 'Sample Post 39', 'This is sample content for post 39. Lorem ipsum dolor sit amet.\\n\\n- bullet A\\n- bullet B', 0, UTC_TIMESTAMP(6), UTC_TIMESTAMP(6)),
  (40, 6, 20, 'Sample Post 40', 'This is sample content for post 40. Lorem ipsum dolor sit amet.\\n\\n- bullet A\\n- bullet B', 1, UTC_TIMESTAMP(6), UTC_TIMESTAMP(6)),
  (41, 1, 19, 'Sample Post 41', 'This is sample content for post 41. Lorem ipsum dolor sit amet.\\n\\n- bullet A\\n- bullet B', 1, UTC_TIMESTAMP(6), UTC_TIMESTAMP(6)),
  (42, 6, 5, 'Sample Post 42', 'This is sample content for post 42. Lorem ipsum dolor sit amet.\\n\\n- bullet A\\n- bullet B', 0, UTC_TIMESTAMP(6), UTC_TIMESTAMP(6)),
  (43, 5, 7, 'Sample Post 43', 'This is sample content for post 43. Lorem ipsum dolor sit amet.\\n\\n- bullet A\\n- bullet B', 1, UTC_TIMESTAMP(6), UTC_TIMESTAMP(6)),
  (44, 2, 14, 'Sample Post 44', 'This is sample content for post 44. Lorem ipsum dolor sit amet.\\n\\n- bullet A\\n- bullet B', 1, UTC_TIMESTAMP(6), UTC_TIMESTAMP(6)),
  (45, 4, 8, 'Sample Post 45', 'This is sample content for post 45. Lorem ipsum dolor sit amet.\\n\\n- bullet A\\n- bullet B', 0, UTC_TIMESTAMP(6), UTC_TIMESTAMP(6)),
  (46, 6, 17, 'Sample Post 46', 'This is sample content for post 46. Lorem ipsum dolor sit amet.\\n\\n- bullet A\\n- bullet B', 1, UTC_TIMESTAMP(6), UTC_TIMESTAMP(6)),
  (47, 2, 10, 'Sample Post 47', 'This is sample content for post 47. Lorem ipsum dolor sit amet.\\n\\n- bullet A\\n- bullet B', 1, UTC_TIMESTAMP(6), UTC_TIMESTAMP(6)),
  (48, 1, 7, 'Sample Post 48', 'This is sample content for post 48. Lorem ipsum dolor sit amet.\\n\\n- bullet A\\n- bullet B', 0, UTC_TIMESTAMP(6), UTC_TIMESTAMP(6)),
  (49, 1, 10, 'Sample Post 49', 'This is sample content for post 49. Lorem ipsum dolor sit amet.\\n\\n- bullet A\\n- bullet B', 1, UTC_TIMESTAMP(6), UTC_TIMESTAMP(6)),
  (50, 4, 8, 'Sample Post 50', 'This is sample content for post 50. Lorem ipsum dolor sit amet.\\n\\n- bullet A\\n- bullet B', 1, UTC_TIMESTAMP(6), UTC_TIMESTAMP(6)),
  (51, 1, 6, 'Sample Post 51', 'This is sample content for post 51. Lorem ipsum dolor sit amet.\\n\\n- bullet A\\n- bullet B', 0, UTC_TIMESTAMP(6), UTC_TIMESTAMP(6)),
  (52, 5, 10, 'Sample Post 52', 'This is sample content for post 52. Lorem ipsum dolor sit amet.\\n\\n- bullet A\\n- bullet B', 1, UTC_TIMESTAMP(6), UTC_TIMESTAMP(6)),
  (53, 2, 20, 'Sample Post 53', 'This is sample content for post 53. Lorem ipsum dolor sit amet.\\n\\n- bullet A\\n- bullet B', 1, UTC_TIMESTAMP(6), UTC_TIMESTAMP(6)),
  (54, 4, 12, 'Sample Post 54', 'This is sample content for post 54. Lorem ipsum dolor sit amet.\\n\\n- bullet A\\n- bullet B', 0, UTC_TIMESTAMP(6), UTC_TIMESTAMP(6)),
  (55, 6, 14, 'Sample Post 55', 'This is sample content for post 55. Lorem ipsum dolor sit amet.\\n\\n- bullet A\\n- bullet B', 1, UTC_TIMESTAMP(6), UTC_TIMESTAMP(6)),
  (56, 2, 8, 'Sample Post 56', 'This is sample content for post 56. Lorem ipsum dolor sit amet.\\n\\n- bullet A\\n- bullet B', 1, UTC_TIMESTAMP(6), UTC_TIMESTAMP(6)),
  (57, 2, 7, 'Sample Post 57', 'This is sample content for post 57. Lorem ipsum dolor sit amet.\\n\\n- bullet A\\n- bullet B', 0, UTC_TIMESTAMP(6), UTC_TIMESTAMP(6)),
  (58, 6, 17, 'Sample Post 58', 'This is sample content for post 58. Lorem ipsum dolor sit amet.\\n\\n- bullet A\\n- bullet B', 1, UTC_TIMESTAMP(6), UTC_TIMESTAMP(6)),
  (59, 5, 8, 'Sample Post 59', 'This is sample content for post 59. Lorem ipsum dolor sit amet.\\n\\n- bullet A\\n- bullet B', 1, UTC_TIMESTAMP(6), UTC_TIMESTAMP(6)),
  (60, 6, 18, 'Sample Post 60', 'This is sample content for post 60. Lorem ipsum dolor sit amet.\\n\\n- bullet A\\n- bullet B', 0, UTC_TIMESTAMP(6), UTC_TIMESTAMP(6)),
  (61, 4, 18, 'Sample Post 61', 'This is sample content for post 61. Lorem ipsum dolor sit amet.\\n\\n- bullet A\\n- bullet B', 1, UTC_TIMESTAMP(6), UTC_TIMESTAMP(6)),
  (62, 4, 11, 'Sample Post 62', 'This is sample content for post 62. Lorem ipsum dolor sit amet.\\n\\n- bullet A\\n- bullet B', 1, UTC_TIMESTAMP(6), UTC_TIMESTAMP(6)),
  (63, 2, 4, 'Sample Post 63', 'This is sample content for post 63. Lorem ipsum dolor sit amet.\\n\\n- bullet A\\n- bullet B', 0, UTC_TIMESTAMP(6), UTC_TIMESTAMP(6)),
  (64, 5, 15, 'Sample Post 64', 'This is sample content for post 64. Lorem ipsum dolor sit amet.\\n\\n- bullet A\\n- bullet B', 1, UTC_TIMESTAMP(6), UTC_TIMESTAMP(6)),
  (65, 1, 1, 'Sample Post 65', 'This is sample content for post 65. Lorem ipsum dolor sit amet.\\n\\n- bullet A\\n- bullet B', 1, UTC_TIMESTAMP(6), UTC_TIMESTAMP(6)),
  (66, 1, 4, 'Sample Post 66', 'This is sample content for post 66. Lorem ipsum dolor sit amet.\\n\\n- bullet A\\n- bullet B', 0, UTC_TIMESTAMP(6), UTC_TIMESTAMP(6)),
  (67, 6, 5, 'Sample Post 67', 'This is sample content for post 67. Lorem ipsum dolor sit amet.\\n\\n- bullet A\\n- bullet B', 1, UTC_TIMESTAMP(6), UTC_TIMESTAMP(6)),
  (68, 6, 13, 'Sample Post 68', 'This is sample content for post 68. Lorem ipsum dolor sit amet.\\n\\n- bullet A\\n- bullet B', 1, UTC_TIMESTAMP(6), UTC_TIMESTAMP(6)),
  (69, 5, 2, 'Sample Post 69', 'This is sample content for post 69. Lorem ipsum dolor sit amet.\\n\\n- bullet A\\n- bullet B', 0, UTC_TIMESTAMP(6), UTC_TIMESTAMP(6)),
  (70, 4, 12, 'Sample Post 70', 'This is sample content for post 70. Lorem ipsum dolor sit amet.\\n\\n- bullet A\\n- bullet B', 1, UTC_TIMESTAMP(6), UTC_TIMESTAMP(6)),
  (71, 5, 14, 'Sample Post 71', 'This is sample content for post 71. Lorem ipsum dolor sit amet.\\n\\n- bullet A\\n- bullet B', 1, UTC_TIMESTAMP(6), UTC_TIMESTAMP(6)),
  (72, 5, 8, 'Sample Post 72', 'This is sample content for post 72. Lorem ipsum dolor sit amet.\\n\\n- bullet A\\n- bullet B', 0, UTC_TIMESTAMP(6), UTC_TIMESTAMP(6)),
  (73, 5, NULL, 'Sample Post 73', 'This is sample content for post 73. Lorem ipsum dolor sit amet.\\n\\n- bullet A\\n- bullet B', 1, UTC_TIMESTAMP(6), UTC_TIMESTAMP(6)),
  (74, 6, 3, 'Sample Post 74', 'This is sample content for post 74. Lorem ipsum dolor sit amet.\\n\\n- bullet A\\n- bullet B', 1, UTC_TIMESTAMP(6), UTC_TIMESTAMP(6)),
  (75, 6, 17, 'Sample Post 75', 'This is sample content for post 75. Lorem ipsum dolor sit amet.\\n\\n- bullet A\\n- bullet B', 0, UTC_TIMESTAMP(6), UTC_TIMESTAMP(6)),
  (76, 3, 20, 'Sample Post 76', 'This is sample content for post 76. Lorem ipsum dolor sit amet.\\n\\n- bullet A\\n- bullet B', 1, UTC_TIMESTAMP(6), UTC_TIMESTAMP(6)),
  (77, 3, 3, 'Sample Post 77', 'This is sample content for post 77. Lorem ipsum dolor sit amet.\\n\\n- bullet A\\n- bullet B', 1, UTC_TIMESTAMP(6), UTC_TIMESTAMP(6)),
  (78, 3, 13, 'Sample Post 78', 'This is sample content for post 78. Lorem ipsum dolor sit amet.\\n\\n- bullet A\\n- bullet B', 0, UTC_TIMESTAMP(6), UTC_TIMESTAMP(6)),
  (79, 2, 14, 'Sample Post 79', 'This is sample content for post 79. Lorem ipsum dolor sit amet.\\n\\n- bullet A\\n- bullet B', 1, UTC_TIMESTAMP(6), UTC_TIMESTAMP(6)),
  (80, 1, 8, 'Sample Post 80', 'This is sample content for post 80. Lorem ipsum dolor sit amet.\\n\\n- bullet A\\n- bullet B', 1, UTC_TIMESTAMP(6), UTC_TIMESTAMP(6)),
  (81, 5, 5, 'Sample Post 81', 'This is sample content for post 81. Lorem ipsum dolor sit amet.\\n\\n- bullet A\\n- bullet B', 0, UTC_TIMESTAMP(6), UTC_TIMESTAMP(6)),
  (82, 5, 3, 'Sample Post 82', 'This is sample content for post 82. Lorem ipsum dolor sit amet.\\n\\n- bullet A\\n- bullet B', 1, UTC_TIMESTAMP(6), UTC_TIMESTAMP(6)),
  (83, 6, 9, 'Sample Post 83', 'This is sample content for post 83. Lorem ipsum dolor sit amet.\\n\\n- bullet A\\n- bullet B', 1, UTC_TIMESTAMP(6), UTC_TIMESTAMP(6)),
  (84, 6, 16, 'Sample Post 84', 'This is sample content for post 84. Lorem ipsum dolor sit amet.\\n\\n- bullet A\\n- bullet B', 0, UTC_TIMESTAMP(6), UTC_TIMESTAMP(6)),
  (85, 5, 6, 'Sample Post 85', 'This is sample content for post 85. Lorem ipsum dolor sit amet.\\n\\n- bullet A\\n- bullet B', 1, UTC_TIMESTAMP(6), UTC_TIMESTAMP(6)),
  (86, 2, 11, 'Sample Post 86', 'This is sample content for post 86. Lorem ipsum dolor sit amet.\\n\\n- bullet A\\n- bullet B', 1, UTC_TIMESTAMP(6), UTC_TIMESTAMP(6)),
  (87, 2, 17, 'Sample Post 87', 'This is sample content for post 87. Lorem ipsum dolor sit amet.\\n\\n- bullet A\\n- bullet B', 0, UTC_TIMESTAMP(6), UTC_TIMESTAMP(6)),
  (88, 5, NULL, 'Sample Post 88', 'This is sample content for post 88. Lorem ipsum dolor sit amet.\\n\\n- bullet A\\n- bullet B', 1, UTC_TIMESTAMP(6), UTC_TIMESTAMP(6)),
  (89, 5, 10, 'Sample Post 89', 'This is sample content for post 89. Lorem ipsum dolor sit amet.\\n\\n- bullet A\\n- bullet B', 1, UTC_TIMESTAMP(6), UTC_TIMESTAMP(6)),
  (90, 4, NULL, 'Sample Post 90', 'This is sample content for post 90. Lorem ipsum dolor sit amet.\\n\\n- bullet A\\n- bullet B', 0, UTC_TIMESTAMP(6), UTC_TIMESTAMP(6)),
  (91, 1, 11, 'Sample Post 91', 'This is sample content for post 91. Lorem ipsum dolor sit amet.\\n\\n- bullet A\\n- bullet B', 1, UTC_TIMESTAMP(6), UTC_TIMESTAMP(6)),
  (92, 3, 7, 'Sample Post 92', 'This is sample content for post 92. Lorem ipsum dolor sit amet.\\n\\n- bullet A\\n- bullet B', 1, UTC_TIMESTAMP(6), UTC_TIMESTAMP(6)),
  (93, 1, 7, 'Sample Post 93', 'This is sample content for post 93. Lorem ipsum dolor sit amet.\\n\\n- bullet A\\n- bullet B', 0, UTC_TIMESTAMP(6), UTC_TIMESTAMP(6)),
  (94, 5, 2, 'Sample Post 94', 'This is sample content for post 94. Lorem ipsum dolor sit amet.\\n\\n- bullet A\\n- bullet B', 1, UTC_TIMESTAMP(6), UTC_TIMESTAMP(6)),
  (95, 1, 15, 'Sample Post 95', 'This is sample content for post 95. Lorem ipsum dolor sit amet.\\n\\n- bullet A\\n- bullet B', 1, UTC_TIMESTAMP(6), UTC_TIMESTAMP(6)),
  (96, 1, 17, 'Sample Post 96', 'This is sample content for post 96. Lorem ipsum dolor sit amet.\\n\\n- bullet A\\n- bullet B', 0, UTC_TIMESTAMP(6), UTC_TIMESTAMP(6)),
  (97, 2, 4, 'Sample Post 97', 'This is sample content for post 97. Lorem ipsum dolor sit amet.\\n\\n- bullet A\\n- bullet B', 1, UTC_TIMESTAMP(6), UTC_TIMESTAMP(6)),
  (98, 6, 15, 'Sample Post 98', 'This is sample content for post 98. Lorem ipsum dolor sit amet.\\n\\n- bullet A\\n- bullet B', 1, UTC_TIMESTAMP(6), UTC_TIMESTAMP(6)),
  (99, 5, 5, 'Sample Post 99', 'This is sample content for post 99. Lorem ipsum dolor sit amet.\\n\\n- bullet A\\n- bullet B', 0, UTC_TIMESTAMP(6), UTC_TIMESTAMP(6)),
  (100, 3, 16, 'Sample Post 100', 'This is sample content for post 100. Lorem ipsum dolor sit amet.\\n\\n- bullet A\\n- bullet B', 1, UTC_TIMESTAMP(6), UTC_TIMESTAMP(6)),
  (101, 5, 13, 'Sample Post 101', 'This is sample content for post 101. Lorem ipsum dolor sit amet.\\n\\n- bullet A\\n- bullet B', 1, UTC_TIMESTAMP(6), UTC_TIMESTAMP(6)),
  (102, 2, 17, 'Sample Post 102', 'This is sample content for post 102. Lorem ipsum dolor sit amet.\\n\\n- bullet A\\n- bullet B', 0, UTC_TIMESTAMP(6), UTC_TIMESTAMP(6)),
  (103, 6, 6, 'Sample Post 103', 'This is sample content for post 103. Lorem ipsum dolor sit amet.\\n\\n- bullet A\\n- bullet B', 1, UTC_TIMESTAMP(6), UTC_TIMESTAMP(6)),
  (104, 6, 9, 'Sample Post 104', 'This is sample content for post 104. Lorem ipsum dolor sit amet.\\n\\n- bullet A\\n- bullet B', 1, UTC_TIMESTAMP(6), UTC_TIMESTAMP(6)),
  (105, 4, 20, 'Sample Post 105', 'This is sample content for post 105. Lorem ipsum dolor sit amet.\\n\\n- bullet A\\n- bullet B', 0, UTC_TIMESTAMP(6), UTC_TIMESTAMP(6)),
  (106, 3, 14, 'Sample Post 106', 'This is sample content for post 106. Lorem ipsum dolor sit amet.\\n\\n- bullet A\\n- bullet B', 1, UTC_TIMESTAMP(6), UTC_TIMESTAMP(6)),
  (107, 5, 14, 'Sample Post 107', 'This is sample content for post 107. Lorem ipsum dolor sit amet.\\n\\n- bullet A\\n- bullet B', 1, UTC_TIMESTAMP(6), UTC_TIMESTAMP(6)),
  (108, 1, 7, 'Sample Post 108', 'This is sample content for post 108. Lorem ipsum dolor sit amet.\\n\\n- bullet A\\n- bullet B', 0, UTC_TIMESTAMP(6), UTC_TIMESTAMP(6)),
  (109, 2, 2, 'Sample Post 109', 'This is sample content for post 109. Lorem ipsum dolor sit amet.\\n\\n- bullet A\\n- bullet B', 1, UTC_TIMESTAMP(6), UTC_TIMESTAMP(6)),
  (110, 3, NULL, 'Sample Post 110', 'This is sample content for post 110. Lorem ipsum dolor sit amet.\\n\\n- bullet A\\n- bullet B', 1, UTC_TIMESTAMP(6), UTC_TIMESTAMP(6)),
  (111, 5, 17, 'Sample Post 111', 'This is sample content for post 111. Lorem ipsum dolor sit amet.\\n\\n- bullet A\\n- bullet B', 0, UTC_TIMESTAMP(6), UTC_TIMESTAMP(6)),
  (112, 2, 18, 'Sample Post 112', 'This is sample content for post 112. Lorem ipsum dolor sit amet.\\n\\n- bullet A\\n- bullet B', 1, UTC_TIMESTAMP(6), UTC_TIMESTAMP(6)),
  (113, 2, NULL, 'Sample Post 113', 'This is sample content for post 113. Lorem ipsum dolor sit amet.\\n\\n- bullet A\\n- bullet B', 1, UTC_TIMESTAMP(6), UTC_TIMESTAMP(6)),
  (114, 1, 20, 'Sample Post 114', 'This is sample content for post 114. Lorem ipsum dolor sit amet.\\n\\n- bullet A\\n- bullet B', 0, UTC_TIMESTAMP(6), UTC_TIMESTAMP(6)),
  (115, 1, 7, 'Sample Post 115', 'This is sample content for post 115. Lorem ipsum dolor sit amet.\\n\\n- bullet A\\n- bullet B', 1, UTC_TIMESTAMP(6), UTC_TIMESTAMP(6)),
  (116, 1, 1, 'Sample Post 116', 'This is sample content for post 116. Lorem ipsum dolor sit amet.\\n\\n- bullet A\\n- bullet B', 1, UTC_TIMESTAMP(6), UTC_TIMESTAMP(6)),
  (117, 3, 2, 'Sample Post 117', 'This is sample content for post 117. Lorem ipsum dolor sit amet.\\n\\n- bullet A\\n- bullet B', 0, UTC_TIMESTAMP(6), UTC_TIMESTAMP(6)),
  (118, 5, 7, 'Sample Post 118', 'This is sample content for post 118. Lorem ipsum dolor sit amet.\\n\\n- bullet A\\n- bullet B', 1, UTC_TIMESTAMP(6), UTC_TIMESTAMP(6)),
  (119, 3, 15, 'Sample Post 119', 'This is sample content for post 119. Lorem ipsum dolor sit amet.\\n\\n- bullet A\\n- bullet B', 1, UTC_TIMESTAMP(6), UTC_TIMESTAMP(6)),
  (120, 2, 17, 'Sample Post 120', 'This is sample content for post 120. Lorem ipsum dolor sit amet.\\n\\n- bullet A\\n- bullet B', 0, UTC_TIMESTAMP(6), UTC_TIMESTAMP(6));

INSERT INTO comments (id, post_id, author_id, content, created_at, updated_at) VALUES
  (1, 17, 6, 'Comment 1 on post 17.', UTC_TIMESTAMP(6), UTC_TIMESTAMP(6)),
  (2, 74, 5, 'Comment 2 on post 74.', UTC_TIMESTAMP(6), UTC_TIMESTAMP(6)),
  (3, 32, 5, 'Comment 3 on post 32.', UTC_TIMESTAMP(6), UTC_TIMESTAMP(6)),
  (4, 104, 5, 'Comment 4 on post 104.', UTC_TIMESTAMP(6), UTC_TIMESTAMP(6)),
  (5, 25, 2, 'Comment 5 on post 25.', UTC_TIMESTAMP(6), UTC_TIMESTAMP(6)),
  (6, 13, 5, 'Comment 6 on post 13.', UTC_TIMESTAMP(6), UTC_TIMESTAMP(6)),
  (7, 46, 5, 'Comment 7 on post 46.', UTC_TIMESTAMP(6), UTC_TIMESTAMP(6)),
  (8, 53, 5, 'Comment 8 on post 53.', UTC_TIMESTAMP(6), UTC_TIMESTAMP(6)),
  (9, 111, 2, 'Comment 9 on post 111.', UTC_TIMESTAMP(6), UTC_TIMESTAMP(6)),
  (10, 87, 2, 'Comment 10 on post 87.', UTC_TIMESTAMP(6), UTC_TIMESTAMP(6)),
  (11, 8, 5, 'Comment 11 on post 8.', UTC_TIMESTAMP(6), UTC_TIMESTAMP(6)),
  (12, 94, 4, 'Comment 12 on post 94.', UTC_TIMESTAMP(6), UTC_TIMESTAMP(6)),
  (13, 103, 2, 'Comment 13 on post 103.', UTC_TIMESTAMP(6), UTC_TIMESTAMP(6)),
  (14, 32, 3, 'Comment 14 on post 32.', UTC_TIMESTAMP(6), UTC_TIMESTAMP(6)),
  (15, 25, 6, 'Comment 15 on post 25.', UTC_TIMESTAMP(6), UTC_TIMESTAMP(6)),
  (16, 58, 3, 'Comment 16 on post 58.', UTC_TIMESTAMP(6), UTC_TIMESTAMP(6)),
  (17, 55, 3, 'Comment 17 on post 55.', UTC_TIMESTAMP(6), UTC_TIMESTAMP(6)),
  (18, 36, 5, 'Comment 18 on post 36.', UTC_TIMESTAMP(6), UTC_TIMESTAMP(6)),
  (19, 32, 2, 'Comment 19 on post 32.', UTC_TIMESTAMP(6), UTC_TIMESTAMP(6)),
  (20, 57, 6, 'Comment 20 on post 57.', UTC_TIMESTAMP(6), UTC_TIMESTAMP(6)),
  (21, 13, 2, 'Comment 21 on post 13.', UTC_TIMESTAMP(6), UTC_TIMESTAMP(6)),
  (22, 84, 6, 'Comment 22 on post 84.', UTC_TIMESTAMP(6), UTC_TIMESTAMP(6)),
  (23, 108, 2, 'Comment 23 on post 108.', UTC_TIMESTAMP(6), UTC_TIMESTAMP(6)),
  (24, 12, 3, 'Comment 24 on post 12.', UTC_TIMESTAMP(6), UTC_TIMESTAMP(6)),
  (25, 22, 5, 'Comment 25 on post 22.', UTC_TIMESTAMP(6), UTC_TIMESTAMP(6)),
  (26, 63, 5, 'Comment 26 on post 63.', UTC_TIMESTAMP(6), UTC_TIMESTAMP(6)),
  (27, 28, 5, 'Comment 27 on post 28.', UTC_TIMESTAMP(6), UTC_TIMESTAMP(6)),
  (28, 116, 2, 'Comment 28 on post 116.', UTC_TIMESTAMP(6), UTC_TIMESTAMP(6)),
  (29, 22, 5, 'Comment 29 on post 22.', UTC_TIMESTAMP(6), UTC_TIMESTAMP(6)),
  (30, 1, 5, 'Comment 30 on post 1.', UTC_TIMESTAMP(6), UTC_TIMESTAMP(6)),
  (31, 34, 5, 'Comment 31 on post 34.', UTC_TIMESTAMP(6), UTC_TIMESTAMP(6)),
  (32, 37, 5, 'Comment 32 on post 37.', UTC_TIMESTAMP(6), UTC_TIMESTAMP(6)),
  (33, 90, 6, 'Comment 33 on post 90.', UTC_TIMESTAMP(6), UTC_TIMESTAMP(6)),
  (34, 85, 5, 'Comment 34 on post 85.', UTC_TIMESTAMP(6), UTC_TIMESTAMP(6)),
  (35, 20, 3, 'Comment 35 on post 20.', UTC_TIMESTAMP(6), UTC_TIMESTAMP(6)),
  (36, 38, 3, 'Comment 36 on post 38.', UTC_TIMESTAMP(6), UTC_TIMESTAMP(6)),
  (37, 8, 6, 'Comment 37 on post 8.', UTC_TIMESTAMP(6), UTC_TIMESTAMP(6)),
  (38, 95, 6, 'Comment 38 on post 95.', UTC_TIMESTAMP(6), UTC_TIMESTAMP(6)),
  (39, 8, 4, 'Comment 39 on post 8.', UTC_TIMESTAMP(6), UTC_TIMESTAMP(6)),
  (40, 8, 2, 'Comment 40 on post 8.', UTC_TIMESTAMP(6), UTC_TIMESTAMP(6)),
  (41, 75, 5, 'Comment 41 on post 75.', UTC_TIMESTAMP(6), UTC_TIMESTAMP(6)),
  (42, 65, 6, 'Comment 42 on post 65.', UTC_TIMESTAMP(6), UTC_TIMESTAMP(6)),
  (43, 21, 2, 'Comment 43 on post 21.', UTC_TIMESTAMP(6), UTC_TIMESTAMP(6)),
  (44, 66, 2, 'Comment 44 on post 66.', UTC_TIMESTAMP(6), UTC_TIMESTAMP(6)),
  (45, 109, 3, 'Comment 45 on post 109.', UTC_TIMESTAMP(6), UTC_TIMESTAMP(6)),
  (46, 9, 6, 'Comment 46 on post 9.', UTC_TIMESTAMP(6), UTC_TIMESTAMP(6)),
  (47, 9, 3, 'Comment 47 on post 9.', UTC_TIMESTAMP(6), UTC_TIMESTAMP(6)),
  (48, 52, 2, 'Comment 48 on post 52.', UTC_TIMESTAMP(6), UTC_TIMESTAMP(6)),
  (49, 114, 6, 'Comment 49 on post 114.', UTC_TIMESTAMP(6), UTC_TIMESTAMP(6)),
  (50, 32, 6, 'Comment 50 on post 32.', UTC_TIMESTAMP(6), UTC_TIMESTAMP(6)),
  (51, 77, 2, 'Comment 51 on post 77.', UTC_TIMESTAMP(6), UTC_TIMESTAMP(6)),
  (52, 80, 2, 'Comment 52 on post 80.', UTC_TIMESTAMP(6), UTC_TIMESTAMP(6)),
  (53, 54, 6, 'Comment 53 on post 54.', UTC_TIMESTAMP(6), UTC_TIMESTAMP(6)),
  (54, 73, 6, 'Comment 54 on post 73.', UTC_TIMESTAMP(6), UTC_TIMESTAMP(6)),
  (55, 41, 4, 'Comment 55 on post 41.', UTC_TIMESTAMP(6), UTC_TIMESTAMP(6)),
  (56, 27, 4, 'Comment 56 on post 27.', UTC_TIMESTAMP(6), UTC_TIMESTAMP(6)),
  (57, 31, 4, 'Comment 57 on post 31.', UTC_TIMESTAMP(6), UTC_TIMESTAMP(6)),
  (58, 51, 3, 'Comment 58 on post 51.', UTC_TIMESTAMP(6), UTC_TIMESTAMP(6)),
  (59, 86, 4, 'Comment 59 on post 86.', UTC_TIMESTAMP(6), UTC_TIMESTAMP(6)),
  (60, 59, 4, 'Comment 60 on post 59.', UTC_TIMESTAMP(6), UTC_TIMESTAMP(6)),
  (61, 119, 2, 'Comment 61 on post 119.', UTC_TIMESTAMP(6), UTC_TIMESTAMP(6)),
  (62, 2, 5, 'Comment 62 on post 2.', UTC_TIMESTAMP(6), UTC_TIMESTAMP(6)),
  (63, 80, 6, 'Comment 63 on post 80.', UTC_TIMESTAMP(6), UTC_TIMESTAMP(6)),
  (64, 13, 2, 'Comment 64 on post 13.', UTC_TIMESTAMP(6), UTC_TIMESTAMP(6)),
  (65, 69, 3, 'Comment 65 on post 69.', UTC_TIMESTAMP(6), UTC_TIMESTAMP(6)),
  (66, 65, 4, 'Comment 66 on post 65.', UTC_TIMESTAMP(6), UTC_TIMESTAMP(6)),
  (67, 17, 4, 'Comment 67 on post 17.', UTC_TIMESTAMP(6), UTC_TIMESTAMP(6)),
  (68, 113, 2, 'Comment 68 on post 113.', UTC_TIMESTAMP(6), UTC_TIMESTAMP(6)),
  (69, 113, 3, 'Comment 69 on post 113.', UTC_TIMESTAMP(6), UTC_TIMESTAMP(6)),
  (70, 48, 4, 'Comment 70 on post 48.', UTC_TIMESTAMP(6), UTC_TIMESTAMP(6)),
  (71, 21, 5, 'Comment 71 on post 21.', UTC_TIMESTAMP(6), UTC_TIMESTAMP(6)),
  (72, 107, 6, 'Comment 72 on post 107.', UTC_TIMESTAMP(6), UTC_TIMESTAMP(6)),
  (73, 91, 4, 'Comment 73 on post 91.', UTC_TIMESTAMP(6), UTC_TIMESTAMP(6)),
  (74, 79, 6, 'Comment 74 on post 79.', UTC_TIMESTAMP(6), UTC_TIMESTAMP(6)),
  (75, 2, 6, 'Comment 75 on post 2.', UTC_TIMESTAMP(6), UTC_TIMESTAMP(6)),
  (76, 39, 2, 'Comment 76 on post 39.', UTC_TIMESTAMP(6), UTC_TIMESTAMP(6)),
  (77, 113, 3, 'Comment 77 on post 113.', UTC_TIMESTAMP(6), UTC_TIMESTAMP(6)),
  (78, 34, 2, 'Comment 78 on post 34.', UTC_TIMESTAMP(6), UTC_TIMESTAMP(6)),
  (79, 114, 2, 'Comment 79 on post 114.', UTC_TIMESTAMP(6), UTC_TIMESTAMP(6)),
  (80, 96, 6, 'Comment 80 on post 96.', UTC_TIMESTAMP(6), UTC_TIMESTAMP(6)),
  (81, 20, 4, 'Comment 81 on post 20.', UTC_TIMESTAMP(6), UTC_TIMESTAMP(6)),
  (82, 37, 6, 'Comment 82 on post 37.', UTC_TIMESTAMP(6), UTC_TIMESTAMP(6)),
  (83, 27, 4, 'Comment 83 on post 27.', UTC_TIMESTAMP(6), UTC_TIMESTAMP(6)),
  (84, 27, 4, 'Comment 84 on post 27.', UTC_TIMESTAMP(6), UTC_TIMESTAMP(6)),
  (85, 65, 5, 'Comment 85 on post 65.', UTC_TIMESTAMP(6), UTC_TIMESTAMP(6)),
  (86, 33, 2, 'Comment 86 on post 33.', UTC_TIMESTAMP(6), UTC_TIMESTAMP(6)),
  (87, 12, 5, 'Comment 87 on post 12.', UTC_TIMESTAMP(6), UTC_TIMESTAMP(6)),
  (88, 107, 4, 'Comment 88 on post 107.', UTC_TIMESTAMP(6), UTC_TIMESTAMP(6)),
  (89, 6, 2, 'Comment 89 on post 6.', UTC_TIMESTAMP(6), UTC_TIMESTAMP(6)),
  (90, 43, 3, 'Comment 90 on post 43.', UTC_TIMESTAMP(6), UTC_TIMESTAMP(6)),
  (91, 82, 4, 'Comment 91 on post 82.', UTC_TIMESTAMP(6), UTC_TIMESTAMP(6)),
  (92, 21, 5, 'Comment 92 on post 21.', UTC_TIMESTAMP(6), UTC_TIMESTAMP(6)),
  (93, 71, 5, 'Comment 93 on post 71.', UTC_TIMESTAMP(6), UTC_TIMESTAMP(6)),
  (94, 72, 2, 'Comment 94 on post 72.', UTC_TIMESTAMP(6), UTC_TIMESTAMP(6)),
  (95, 15, 2, 'Comment 95 on post 15.', UTC_TIMESTAMP(6), UTC_TIMESTAMP(6)),
  (96, 114, 3, 'Comment 96 on post 114.', UTC_TIMESTAMP(6), UTC_TIMESTAMP(6)),
  (97, 70, 2, 'Comment 97 on post 70.', UTC_TIMESTAMP(6), UTC_TIMESTAMP(6)),
  (98, 107, 4, 'Comment 98 on post 107.', UTC_TIMESTAMP(6), UTC_TIMESTAMP(6)),
  (99, 75, 6, 'Comment 99 on post 75.', UTC_TIMESTAMP(6), UTC_TIMESTAMP(6)),
  (100, 19, 5, 'Comment 100 on post 19.', UTC_TIMESTAMP(6), UTC_TIMESTAMP(6)),
  (101, 17, 2, 'Comment 101 on post 17.', UTC_TIMESTAMP(6), UTC_TIMESTAMP(6)),
  (102, 40, 4, 'Comment 102 on post 40.', UTC_TIMESTAMP(6), UTC_TIMESTAMP(6)),
  (103, 116, 2, 'Comment 103 on post 116.', UTC_TIMESTAMP(6), UTC_TIMESTAMP(6)),
  (104, 116, 4, 'Comment 104 on post 116.', UTC_TIMESTAMP(6), UTC_TIMESTAMP(6)),
  (105, 27, 3, 'Comment 105 on post 27.', UTC_TIMESTAMP(6), UTC_TIMESTAMP(6)),
  (106, 86, 2, 'Comment 106 on post 86.', UTC_TIMESTAMP(6), UTC_TIMESTAMP(6)),
  (107, 46, 6, 'Comment 107 on post 46.', UTC_TIMESTAMP(6), UTC_TIMESTAMP(6)),
  (108, 114, 5, 'Comment 108 on post 114.', UTC_TIMESTAMP(6), UTC_TIMESTAMP(6)),
  (109, 80, 3, 'Comment 109 on post 80.', UTC_TIMESTAMP(6), UTC_TIMESTAMP(6)),
  (110, 119, 3, 'Comment 110 on post 119.', UTC_TIMESTAMP(6), UTC_TIMESTAMP(6)),
  (111, 111, 3, 'Comment 111 on post 111.', UTC_TIMESTAMP(6), UTC_TIMESTAMP(6)),
  (112, 103, 3, 'Comment 112 on post 103.', UTC_TIMESTAMP(6), UTC_TIMESTAMP(6)),
  (113, 113, 5, 'Comment 113 on post 113.', UTC_TIMESTAMP(6), UTC_TIMESTAMP(6)),
  (114, 4, 3, 'Comment 114 on post 4.', UTC_TIMESTAMP(6), UTC_TIMESTAMP(6)),
  (115, 95, 4, 'Comment 115 on post 95.', UTC_TIMESTAMP(6), UTC_TIMESTAMP(6)),
  (116, 101, 5, 'Comment 116 on post 101.', UTC_TIMESTAMP(6), UTC_TIMESTAMP(6)),
  (117, 103, 3, 'Comment 117 on post 103.', UTC_TIMESTAMP(6), UTC_TIMESTAMP(6)),
  (118, 35, 3, 'Comment 118 on post 35.', UTC_TIMESTAMP(6), UTC_TIMESTAMP(6)),
  (119, 101, 2, 'Comment 119 on post 101.', UTC_TIMESTAMP(6), UTC_TIMESTAMP(6)),
  (120, 49, 2, 'Comment 120 on post 49.', UTC_TIMESTAMP(6), UTC_TIMESTAMP(6));

INSERT INTO post_likes (id, post_id, user_id, created_at, updated_at) VALUES
  (1, 12, 4, UTC_TIMESTAMP(6), UTC_TIMESTAMP(6)),
  (2, 64, 5, UTC_TIMESTAMP(6), UTC_TIMESTAMP(6)),
  (3, 78, 4, UTC_TIMESTAMP(6), UTC_TIMESTAMP(6)),
  (4, 50, 6, UTC_TIMESTAMP(6), UTC_TIMESTAMP(6)),
  (5, 37, 6, UTC_TIMESTAMP(6), UTC_TIMESTAMP(6)),
  (6, 93, 4, UTC_TIMESTAMP(6), UTC_TIMESTAMP(6)),
  (7, 61, 6, UTC_TIMESTAMP(6), UTC_TIMESTAMP(6)),
  (8, 118, 3, UTC_TIMESTAMP(6), UTC_TIMESTAMP(6)),
  (9, 108, 2, UTC_TIMESTAMP(6), UTC_TIMESTAMP(6)),
  (10, 10, 6, UTC_TIMESTAMP(6), UTC_TIMESTAMP(6)),
  (11, 76, 6, UTC_TIMESTAMP(6), UTC_TIMESTAMP(6)),
  (12, 11, 5, UTC_TIMESTAMP(6), UTC_TIMESTAMP(6)),
  (13, 66, 5, UTC_TIMESTAMP(6), UTC_TIMESTAMP(6)),
  (14, 32, 3, UTC_TIMESTAMP(6), UTC_TIMESTAMP(6)),
  (15, 84, 4, UTC_TIMESTAMP(6), UTC_TIMESTAMP(6)),
  (16, 72, 2, UTC_TIMESTAMP(6), UTC_TIMESTAMP(6)),
  (17, 55, 4, UTC_TIMESTAMP(6), UTC_TIMESTAMP(6)),
  (18, 80, 3, UTC_TIMESTAMP(6), UTC_TIMESTAMP(6)),
  (19, 56, 3, UTC_TIMESTAMP(6), UTC_TIMESTAMP(6)),
  (20, 100, 3, UTC_TIMESTAMP(6), UTC_TIMESTAMP(6)),
  (21, 19, 2, UTC_TIMESTAMP(6), UTC_TIMESTAMP(6)),
  (22, 83, 5, UTC_TIMESTAMP(6), UTC_TIMESTAMP(6)),
  (23, 85, 2, UTC_TIMESTAMP(6), UTC_TIMESTAMP(6)),
  (24, 108, 4, UTC_TIMESTAMP(6), UTC_TIMESTAMP(6)),
  (25, 32, 5, UTC_TIMESTAMP(6), UTC_TIMESTAMP(6)),
  (26, 40, 6, UTC_TIMESTAMP(6), UTC_TIMESTAMP(6)),
  (27, 106, 6, UTC_TIMESTAMP(6), UTC_TIMESTAMP(6)),
  (28, 97, 3, UTC_TIMESTAMP(6), UTC_TIMESTAMP(6)),
  (29, 73, 3, UTC_TIMESTAMP(6), UTC_TIMESTAMP(6)),
  (30, 55, 6, UTC_TIMESTAMP(6), UTC_TIMESTAMP(6)),
  (31, 110, 6, UTC_TIMESTAMP(6), UTC_TIMESTAMP(6)),
  (32, 36, 2, UTC_TIMESTAMP(6), UTC_TIMESTAMP(6)),
  (33, 100, 5, UTC_TIMESTAMP(6), UTC_TIMESTAMP(6)),
  (34, 34, 5, UTC_TIMESTAMP(6), UTC_TIMESTAMP(6)),
  (35, 59, 4, UTC_TIMESTAMP(6), UTC_TIMESTAMP(6)),
  (36, 45, 5, UTC_TIMESTAMP(6), UTC_TIMESTAMP(6)),
  (37, 60, 5, UTC_TIMESTAMP(6), UTC_TIMESTAMP(6)),
  (38, 115, 2, UTC_TIMESTAMP(6), UTC_TIMESTAMP(6)),
  (39, 104, 2, UTC_TIMESTAMP(6), UTC_TIMESTAMP(6)),
  (40, 72, 6, UTC_TIMESTAMP(6), UTC_TIMESTAMP(6)),
  (41, 18, 5, UTC_TIMESTAMP(6), UTC_TIMESTAMP(6)),
  (42, 87, 4, UTC_TIMESTAMP(6), UTC_TIMESTAMP(6)),
  (43, 85, 6, UTC_TIMESTAMP(6), UTC_TIMESTAMP(6)),
  (44, 9, 5, UTC_TIMESTAMP(6), UTC_TIMESTAMP(6)),
  (45, 66, 2, UTC_TIMESTAMP(6), UTC_TIMESTAMP(6)),
  (46, 35, 5, UTC_TIMESTAMP(6), UTC_TIMESTAMP(6)),
  (47, 24, 5, UTC_TIMESTAMP(6), UTC_TIMESTAMP(6)),
  (48, 25, 4, UTC_TIMESTAMP(6), UTC_TIMESTAMP(6)),
  (49, 90, 5, UTC_TIMESTAMP(6), UTC_TIMESTAMP(6)),
  (50, 39, 5, UTC_TIMESTAMP(6), UTC_TIMESTAMP(6)),
  (51, 53, 4, UTC_TIMESTAMP(6), UTC_TIMESTAMP(6)),
  (52, 64, 4, UTC_TIMESTAMP(6), UTC_TIMESTAMP(6)),
  (53, 119, 4, UTC_TIMESTAMP(6), UTC_TIMESTAMP(6)),
  (54, 63, 6, UTC_TIMESTAMP(6), UTC_TIMESTAMP(6)),
  (55, 23, 6, UTC_TIMESTAMP(6), UTC_TIMESTAMP(6)),
  (56, 102, 6, UTC_TIMESTAMP(6), UTC_TIMESTAMP(6)),
  (57, 93, 3, UTC_TIMESTAMP(6), UTC_TIMESTAMP(6)),
  (58, 58, 3, UTC_TIMESTAMP(6), UTC_TIMESTAMP(6)),
  (59, 41, 5, UTC_TIMESTAMP(6), UTC_TIMESTAMP(6)),
  (60, 43, 2, UTC_TIMESTAMP(6), UTC_TIMESTAMP(6)),
  (61, 96, 5, UTC_TIMESTAMP(6), UTC_TIMESTAMP(6)),
  (62, 15, 4, UTC_TIMESTAMP(6), UTC_TIMESTAMP(6)),
  (63, 115, 6, UTC_TIMESTAMP(6), UTC_TIMESTAMP(6)),
  (64, 106, 3, UTC_TIMESTAMP(6), UTC_TIMESTAMP(6)),
  (65, 71, 3, UTC_TIMESTAMP(6), UTC_TIMESTAMP(6)),
  (66, 119, 6, UTC_TIMESTAMP(6), UTC_TIMESTAMP(6)),
  (67, 34, 2, UTC_TIMESTAMP(6), UTC_TIMESTAMP(6)),
  (68, 20, 3, UTC_TIMESTAMP(6), UTC_TIMESTAMP(6)),
  (69, 100, 2, UTC_TIMESTAMP(6), UTC_TIMESTAMP(6)),
  (70, 31, 3, UTC_TIMESTAMP(6), UTC_TIMESTAMP(6)),
  (71, 110, 3, UTC_TIMESTAMP(6), UTC_TIMESTAMP(6)),
  (72, 14, 5, UTC_TIMESTAMP(6), UTC_TIMESTAMP(6)),
  (73, 28, 4, UTC_TIMESTAMP(6), UTC_TIMESTAMP(6)),
  (74, 94, 4, UTC_TIMESTAMP(6), UTC_TIMESTAMP(6)),
  (75, 60, 2, UTC_TIMESTAMP(6), UTC_TIMESTAMP(6)),
  (76, 83, 4, UTC_TIMESTAMP(6), UTC_TIMESTAMP(6)),
  (77, 43, 4, UTC_TIMESTAMP(6), UTC_TIMESTAMP(6)),
  (78, 88, 3, UTC_TIMESTAMP(6), UTC_TIMESTAMP(6)),
  (79, 72, 3, UTC_TIMESTAMP(6), UTC_TIMESTAMP(6)),
  (80, 110, 5, UTC_TIMESTAMP(6), UTC_TIMESTAMP(6)),
  (81, 45, 4, UTC_TIMESTAMP(6), UTC_TIMESTAMP(6)),
  (82, 56, 4, UTC_TIMESTAMP(6), UTC_TIMESTAMP(6)),
  (83, 86, 5, UTC_TIMESTAMP(6), UTC_TIMESTAMP(6)),
  (84, 60, 4, UTC_TIMESTAMP(6), UTC_TIMESTAMP(6)),
  (85, 94, 6, UTC_TIMESTAMP(6), UTC_TIMESTAMP(6)),
  (86, 50, 3, UTC_TIMESTAMP(6), UTC_TIMESTAMP(6)),
  (87, 75, 2, UTC_TIMESTAMP(6), UTC_TIMESTAMP(6)),
  (88, 105, 3, UTC_TIMESTAMP(6), UTC_TIMESTAMP(6)),
  (89, 44, 5, UTC_TIMESTAMP(6), UTC_TIMESTAMP(6)),
  (90, 24, 2, UTC_TIMESTAMP(6), UTC_TIMESTAMP(6)),
  (91, 90, 2, UTC_TIMESTAMP(6), UTC_TIMESTAMP(6)),
  (92, 101, 2, UTC_TIMESTAMP(6), UTC_TIMESTAMP(6)),
  (93, 7, 4, UTC_TIMESTAMP(6), UTC_TIMESTAMP(6)),
  (94, 48, 5, UTC_TIMESTAMP(6), UTC_TIMESTAMP(6)),
  (95, 40, 2, UTC_TIMESTAMP(6), UTC_TIMESTAMP(6)),
  (96, 103, 5, UTC_TIMESTAMP(6), UTC_TIMESTAMP(6)),
  (97, 63, 3, UTC_TIMESTAMP(6), UTC_TIMESTAMP(6)),
  (98, 45, 6, UTC_TIMESTAMP(6), UTC_TIMESTAMP(6)),
  (99, 56, 6, UTC_TIMESTAMP(6), UTC_TIMESTAMP(6)),
  (100, 102, 3, UTC_TIMESTAMP(6), UTC_TIMESTAMP(6)),
  (101, 91, 3, UTC_TIMESTAMP(6), UTC_TIMESTAMP(6)),
  (102, 89, 3, UTC_TIMESTAMP(6), UTC_TIMESTAMP(6)),
  (103, 67, 3, UTC_TIMESTAMP(6), UTC_TIMESTAMP(6)),
  (104, 51, 3, UTC_TIMESTAMP(6), UTC_TIMESTAMP(6)),
  (105, 105, 5, UTC_TIMESTAMP(6), UTC_TIMESTAMP(6)),
  (106, 118, 2, UTC_TIMESTAMP(6), UTC_TIMESTAMP(6)),
  (107, 107, 2, UTC_TIMESTAMP(6), UTC_TIMESTAMP(6)),
  (108, 35, 4, UTC_TIMESTAMP(6), UTC_TIMESTAMP(6)),
  (109, 90, 4, UTC_TIMESTAMP(6), UTC_TIMESTAMP(6)),
  (110, 113, 6, UTC_TIMESTAMP(6), UTC_TIMESTAMP(6)),
  (111, 39, 4, UTC_TIMESTAMP(6), UTC_TIMESTAMP(6)),
  (112, 73, 6, UTC_TIMESTAMP(6), UTC_TIMESTAMP(6)),
  (113, 29, 3, UTC_TIMESTAMP(6), UTC_TIMESTAMP(6)),
  (114, 54, 2, UTC_TIMESTAMP(6), UTC_TIMESTAMP(6)),
  (115, 109, 2, UTC_TIMESTAMP(6), UTC_TIMESTAMP(6)),
  (116, 22, 6, UTC_TIMESTAMP(6), UTC_TIMESTAMP(6)),
  (117, 89, 5, UTC_TIMESTAMP(6), UTC_TIMESTAMP(6)),
  (118, 58, 2, UTC_TIMESTAMP(6), UTC_TIMESTAMP(6)),
  (119, 27, 5, UTC_TIMESTAMP(6), UTC_TIMESTAMP(6)),
  (120, 52, 4, UTC_TIMESTAMP(6), UTC_TIMESTAMP(6)),
  (121, 93, 5, UTC_TIMESTAMP(6), UTC_TIMESTAMP(6)),
  (122, 42, 3, UTC_TIMESTAMP(6), UTC_TIMESTAMP(6)),
  (123, 1, 4, UTC_TIMESTAMP(6), UTC_TIMESTAMP(6)),
  (124, 25, 5, UTC_TIMESTAMP(6), UTC_TIMESTAMP(6)),
  (125, 79, 6, UTC_TIMESTAMP(6), UTC_TIMESTAMP(6)),
  (126, 101, 6, UTC_TIMESTAMP(6), UTC_TIMESTAMP(6)),
  (127, 71, 2, UTC_TIMESTAMP(6), UTC_TIMESTAMP(6)),
  (128, 57, 3, UTC_TIMESTAMP(6), UTC_TIMESTAMP(6)),
  (129, 6, 3, UTC_TIMESTAMP(6), UTC_TIMESTAMP(6)),
  (130, 29, 5, UTC_TIMESTAMP(6), UTC_TIMESTAMP(6)),
  (131, 106, 5, UTC_TIMESTAMP(6), UTC_TIMESTAMP(6)),
  (132, 97, 2, UTC_TIMESTAMP(6), UTC_TIMESTAMP(6)),
  (133, 14, 4, UTC_TIMESTAMP(6), UTC_TIMESTAMP(6)),
  (134, 80, 4, UTC_TIMESTAMP(6), UTC_TIMESTAMP(6)),
  (135, 58, 4, UTC_TIMESTAMP(6), UTC_TIMESTAMP(6)),
  (136, 59, 3, UTC_TIMESTAMP(6), UTC_TIMESTAMP(6)),
  (137, 52, 6, UTC_TIMESTAMP(6), UTC_TIMESTAMP(6)),
  (138, 42, 5, UTC_TIMESTAMP(6), UTC_TIMESTAMP(6)),
  (139, 33, 2, UTC_TIMESTAMP(6), UTC_TIMESTAMP(6)),
  (140, 85, 3, UTC_TIMESTAMP(6), UTC_TIMESTAMP(6)),
  (141, 108, 5, UTC_TIMESTAMP(6), UTC_TIMESTAMP(6)),
  (142, 96, 6, UTC_TIMESTAMP(6), UTC_TIMESTAMP(6)),
  (143, 44, 2, UTC_TIMESTAMP(6), UTC_TIMESTAMP(6)),
  (144, 98, 3, UTC_TIMESTAMP(6), UTC_TIMESTAMP(6)),
  (145, 1, 6, UTC_TIMESTAMP(6), UTC_TIMESTAMP(6)),
  (146, 2, 5, UTC_TIMESTAMP(6), UTC_TIMESTAMP(6)),
  (147, 6, 5, UTC_TIMESTAMP(6), UTC_TIMESTAMP(6)),
  (148, 31, 4, UTC_TIMESTAMP(6), UTC_TIMESTAMP(6)),
  (149, 109, 6, UTC_TIMESTAMP(6), UTC_TIMESTAMP(6)),
  (150, 87, 3, UTC_TIMESTAMP(6), UTC_TIMESTAMP(6)),
  (151, 14, 6, UTC_TIMESTAMP(6), UTC_TIMESTAMP(6)),
  (152, 69, 6, UTC_TIMESTAMP(6), UTC_TIMESTAMP(6)),
  (153, 80, 6, UTC_TIMESTAMP(6), UTC_TIMESTAMP(6)),
  (154, 59, 5, UTC_TIMESTAMP(6), UTC_TIMESTAMP(6)),
  (155, 70, 5, UTC_TIMESTAMP(6), UTC_TIMESTAMP(6)),
  (156, 4, 5, UTC_TIMESTAMP(6), UTC_TIMESTAMP(6)),
  (157, 61, 2, UTC_TIMESTAMP(6), UTC_TIMESTAMP(6)),
  (158, 44, 4, UTC_TIMESTAMP(6), UTC_TIMESTAMP(6)),
  (159, 9, 4, UTC_TIMESTAMP(6), UTC_TIMESTAMP(6)),
  (160, 99, 4, UTC_TIMESTAMP(6), UTC_TIMESTAMP(6)),
  (161, 74, 5, UTC_TIMESTAMP(6), UTC_TIMESTAMP(6)),
  (162, 71, 6, UTC_TIMESTAMP(6), UTC_TIMESTAMP(6)),
  (163, 103, 4, UTC_TIMESTAMP(6), UTC_TIMESTAMP(6)),
  (164, 63, 2, UTC_TIMESTAMP(6), UTC_TIMESTAMP(6)),
  (165, 115, 3, UTC_TIMESTAMP(6), UTC_TIMESTAMP(6)),
  (166, 86, 6, UTC_TIMESTAMP(6), UTC_TIMESTAMP(6)),
  (167, 78, 2, UTC_TIMESTAMP(6), UTC_TIMESTAMP(6)),
  (168, 47, 5, UTC_TIMESTAMP(6), UTC_TIMESTAMP(6)),
  (169, 36, 5, UTC_TIMESTAMP(6), UTC_TIMESTAMP(6)),
  (170, 50, 4, UTC_TIMESTAMP(6), UTC_TIMESTAMP(6)),
  (171, 10, 4, UTC_TIMESTAMP(6), UTC_TIMESTAMP(6)),
  (172, 9, 6, UTC_TIMESTAMP(6), UTC_TIMESTAMP(6)),
  (173, 65, 4, UTC_TIMESTAMP(6), UTC_TIMESTAMP(6)),
  (174, 99, 6, UTC_TIMESTAMP(6), UTC_TIMESTAMP(6)),
  (175, 11, 3, UTC_TIMESTAMP(6), UTC_TIMESTAMP(6)),
  (176, 114, 6, UTC_TIMESTAMP(6), UTC_TIMESTAMP(6)),
  (177, 29, 2, UTC_TIMESTAMP(6), UTC_TIMESTAMP(6)),
  (178, 103, 6, UTC_TIMESTAMP(6), UTC_TIMESTAMP(6)),
  (179, 84, 2, UTC_TIMESTAMP(6), UTC_TIMESTAMP(6)),
  (180, 49, 5, UTC_TIMESTAMP(6), UTC_TIMESTAMP(6));

INSERT INTO bookmarks (id, post_id, user_id, created_at, updated_at) VALUES
  (1, 12, 4, UTC_TIMESTAMP(6), UTC_TIMESTAMP(6)),
  (2, 55, 2, UTC_TIMESTAMP(6), UTC_TIMESTAMP(6)),
  (3, 78, 4, UTC_TIMESTAMP(6), UTC_TIMESTAMP(6)),
  (4, 67, 4, UTC_TIMESTAMP(6), UTC_TIMESTAMP(6)),
  (5, 61, 6, UTC_TIMESTAMP(6), UTC_TIMESTAMP(6)),
  (6, 27, 4, UTC_TIMESTAMP(6), UTC_TIMESTAMP(6)),
  (7, 105, 6, UTC_TIMESTAMP(6), UTC_TIMESTAMP(6)),
  (8, 83, 3, UTC_TIMESTAMP(6), UTC_TIMESTAMP(6)),
  (9, 10, 6, UTC_TIMESTAMP(6), UTC_TIMESTAMP(6)),
  (10, 57, 2, UTC_TIMESTAMP(6), UTC_TIMESTAMP(6)),
  (11, 15, 5, UTC_TIMESTAMP(6), UTC_TIMESTAMP(6)),
  (12, 6, 2, UTC_TIMESTAMP(6), UTC_TIMESTAMP(6)),
  (13, 81, 5, UTC_TIMESTAMP(6), UTC_TIMESTAMP(6)),
  (14, 95, 4, UTC_TIMESTAMP(6), UTC_TIMESTAMP(6)),
  (15, 78, 6, UTC_TIMESTAMP(6), UTC_TIMESTAMP(6)),
  (16, 55, 4, UTC_TIMESTAMP(6), UTC_TIMESTAMP(6)),
  (17, 4, 2, UTC_TIMESTAMP(6), UTC_TIMESTAMP(6)),
  (18, 5, 3, UTC_TIMESTAMP(6), UTC_TIMESTAMP(6)),
  (19, 74, 2, UTC_TIMESTAMP(6), UTC_TIMESTAMP(6)),
  (20, 43, 5, UTC_TIMESTAMP(6), UTC_TIMESTAMP(6)),
  (21, 57, 4, UTC_TIMESTAMP(6), UTC_TIMESTAMP(6)),
  (22, 29, 6, UTC_TIMESTAMP(6), UTC_TIMESTAMP(6)),
  (23, 40, 6, UTC_TIMESTAMP(6), UTC_TIMESTAMP(6)),
  (24, 7, 3, UTC_TIMESTAMP(6), UTC_TIMESTAMP(6)),
  (25, 56, 5, UTC_TIMESTAMP(6), UTC_TIMESTAMP(6)),
  (26, 45, 5, UTC_TIMESTAMP(6), UTC_TIMESTAMP(6)),
  (27, 5, 5, UTC_TIMESTAMP(6), UTC_TIMESTAMP(6)),
  (28, 60, 5, UTC_TIMESTAMP(6), UTC_TIMESTAMP(6)),
  (29, 74, 4, UTC_TIMESTAMP(6), UTC_TIMESTAMP(6)),
  (30, 13, 3, UTC_TIMESTAMP(6), UTC_TIMESTAMP(6)),
  (31, 103, 3, UTC_TIMESTAMP(6), UTC_TIMESTAMP(6)),
  (32, 90, 3, UTC_TIMESTAMP(6), UTC_TIMESTAMP(6)),
  (33, 53, 2, UTC_TIMESTAMP(6), UTC_TIMESTAMP(6)),
  (34, 117, 5, UTC_TIMESTAMP(6), UTC_TIMESTAMP(6)),
  (35, 30, 6, UTC_TIMESTAMP(6), UTC_TIMESTAMP(6)),
  (36, 85, 6, UTC_TIMESTAMP(6), UTC_TIMESTAMP(6)),
  (37, 15, 2, UTC_TIMESTAMP(6), UTC_TIMESTAMP(6)),
  (38, 90, 5, UTC_TIMESTAMP(6), UTC_TIMESTAMP(6)),
  (39, 81, 2, UTC_TIMESTAMP(6), UTC_TIMESTAMP(6)),
  (40, 114, 5, UTC_TIMESTAMP(6), UTC_TIMESTAMP(6)),
  (41, 64, 4, UTC_TIMESTAMP(6), UTC_TIMESTAMP(6)),
  (42, 119, 4, UTC_TIMESTAMP(6), UTC_TIMESTAMP(6)),
  (43, 36, 6, UTC_TIMESTAMP(6), UTC_TIMESTAMP(6)),
  (44, 23, 6, UTC_TIMESTAMP(6), UTC_TIMESTAMP(6)),
  (45, 91, 6, UTC_TIMESTAMP(6), UTC_TIMESTAMP(6)),
  (46, 102, 6, UTC_TIMESTAMP(6), UTC_TIMESTAMP(6)),
  (47, 37, 5, UTC_TIMESTAMP(6), UTC_TIMESTAMP(6)),
  (48, 52, 5, UTC_TIMESTAMP(6), UTC_TIMESTAMP(6)),
  (49, 32, 2, UTC_TIMESTAMP(6), UTC_TIMESTAMP(6)),
  (50, 98, 2, UTC_TIMESTAMP(6), UTC_TIMESTAMP(6)),
  (51, 1, 5, UTC_TIMESTAMP(6), UTC_TIMESTAMP(6)),
  (52, 16, 3, UTC_TIMESTAMP(6), UTC_TIMESTAMP(6)),
  (53, 104, 6, UTC_TIMESTAMP(6), UTC_TIMESTAMP(6)),
  (54, 106, 3, UTC_TIMESTAMP(6), UTC_TIMESTAMP(6)),
  (55, 71, 3, UTC_TIMESTAMP(6), UTC_TIMESTAMP(6)),
  (56, 20, 3, UTC_TIMESTAMP(6), UTC_TIMESTAMP(6)),
  (57, 34, 2, UTC_TIMESTAMP(6), UTC_TIMESTAMP(6)),
  (58, 110, 3, UTC_TIMESTAMP(6), UTC_TIMESTAMP(6)),
  (59, 17, 4, UTC_TIMESTAMP(6), UTC_TIMESTAMP(6)),
  (60, 80, 5, UTC_TIMESTAMP(6), UTC_TIMESTAMP(6)),
  (61, 60, 2, UTC_TIMESTAMP(6), UTC_TIMESTAMP(6)),
  (62, 43, 4, UTC_TIMESTAMP(6), UTC_TIMESTAMP(6)),
  (63, 33, 3, UTC_TIMESTAMP(6), UTC_TIMESTAMP(6)),
  (64, 98, 4, UTC_TIMESTAMP(6), UTC_TIMESTAMP(6)),
  (65, 2, 6, UTC_TIMESTAMP(6), UTC_TIMESTAMP(6)),
  (66, 81, 6, UTC_TIMESTAMP(6), UTC_TIMESTAMP(6)),
  (67, 82, 5, UTC_TIMESTAMP(6), UTC_TIMESTAMP(6)),
  (68, 77, 2, UTC_TIMESTAMP(6), UTC_TIMESTAMP(6)),
  (69, 60, 4, UTC_TIMESTAMP(6), UTC_TIMESTAMP(6)),
  (70, 8, 6, UTC_TIMESTAMP(6), UTC_TIMESTAMP(6)),
  (71, 98, 6, UTC_TIMESTAMP(6), UTC_TIMESTAMP(6)),
  (72, 24, 2, UTC_TIMESTAMP(6), UTC_TIMESTAMP(6)),
  (73, 33, 5, UTC_TIMESTAMP(6), UTC_TIMESTAMP(6)),
  (74, 10, 3, UTC_TIMESTAMP(6), UTC_TIMESTAMP(6)),
  (75, 39, 2, UTC_TIMESTAMP(6), UTC_TIMESTAMP(6)),
  (76, 117, 4, UTC_TIMESTAMP(6), UTC_TIMESTAMP(6)),
  (77, 22, 4, UTC_TIMESTAMP(6), UTC_TIMESTAMP(6)),
  (78, 77, 4, UTC_TIMESTAMP(6), UTC_TIMESTAMP(6)),
  (79, 111, 6, UTC_TIMESTAMP(6), UTC_TIMESTAMP(6)),
  (80, 91, 3, UTC_TIMESTAMP(6), UTC_TIMESTAMP(6)),
  (81, 61, 5, UTC_TIMESTAMP(6), UTC_TIMESTAMP(6)),
  (82, 41, 2, UTC_TIMESTAMP(6), UTC_TIMESTAMP(6)),
  (83, 106, 2, UTC_TIMESTAMP(6), UTC_TIMESTAMP(6)),
  (84, 35, 4, UTC_TIMESTAMP(6), UTC_TIMESTAMP(6)),
  (85, 25, 3, UTC_TIMESTAMP(6), UTC_TIMESTAMP(6)),
  (86, 73, 6, UTC_TIMESTAMP(6), UTC_TIMESTAMP(6)),
  (87, 77, 6, UTC_TIMESTAMP(6), UTC_TIMESTAMP(6)),
  (88, 14, 2, UTC_TIMESTAMP(6), UTC_TIMESTAMP(6)),
  (89, 37, 4, UTC_TIMESTAMP(6), UTC_TIMESTAMP(6)),
  (90, 12, 5, UTC_TIMESTAMP(6), UTC_TIMESTAMP(6)),
  (91, 89, 5, UTC_TIMESTAMP(6), UTC_TIMESTAMP(6)),
  (92, 118, 4, UTC_TIMESTAMP(6), UTC_TIMESTAMP(6)),
  (93, 35, 6, UTC_TIMESTAMP(6), UTC_TIMESTAMP(6)),
  (94, 24, 6, UTC_TIMESTAMP(6), UTC_TIMESTAMP(6)),
  (95, 101, 6, UTC_TIMESTAMP(6), UTC_TIMESTAMP(6)),
  (96, 81, 3, UTC_TIMESTAMP(6), UTC_TIMESTAMP(6)),
  (97, 16, 2, UTC_TIMESTAMP(6), UTC_TIMESTAMP(6)),
  (98, 39, 6, UTC_TIMESTAMP(6), UTC_TIMESTAMP(6)),
  (99, 95, 5, UTC_TIMESTAMP(6), UTC_TIMESTAMP(6)),
  (100, 84, 5, UTC_TIMESTAMP(6), UTC_TIMESTAMP(6)),
  (101, 86, 2, UTC_TIMESTAMP(6), UTC_TIMESTAMP(6)),
  (102, 70, 3, UTC_TIMESTAMP(6), UTC_TIMESTAMP(6)),
  (103, 96, 6, UTC_TIMESTAMP(6), UTC_TIMESTAMP(6)),
  (104, 98, 3, UTC_TIMESTAMP(6), UTC_TIMESTAMP(6)),
  (105, 85, 3, UTC_TIMESTAMP(6), UTC_TIMESTAMP(6)),
  (106, 57, 5, UTC_TIMESTAMP(6), UTC_TIMESTAMP(6)),
  (107, 71, 4, UTC_TIMESTAMP(6), UTC_TIMESTAMP(6)),
  (108, 72, 5, UTC_TIMESTAMP(6), UTC_TIMESTAMP(6)),
  (109, 21, 3, UTC_TIMESTAMP(6), UTC_TIMESTAMP(6)),
  (110, 58, 6, UTC_TIMESTAMP(6), UTC_TIMESTAMP(6)),
  (111, 47, 3, UTC_TIMESTAMP(6), UTC_TIMESTAMP(6)),
  (112, 70, 5, UTC_TIMESTAMP(6), UTC_TIMESTAMP(6)),
  (113, 10, 2, UTC_TIMESTAMP(6), UTC_TIMESTAMP(6)),
  (114, 33, 4, UTC_TIMESTAMP(6), UTC_TIMESTAMP(6)),
  (115, 76, 2, UTC_TIMESTAMP(6), UTC_TIMESTAMP(6)),
  (116, 38, 3, UTC_TIMESTAMP(6), UTC_TIMESTAMP(6)),
  (117, 61, 4, UTC_TIMESTAMP(6), UTC_TIMESTAMP(6)),
  (118, 49, 5, UTC_TIMESTAMP(6), UTC_TIMESTAMP(6)),
  (119, 29, 2, UTC_TIMESTAMP(6), UTC_TIMESTAMP(6)),
  (120, 95, 2, UTC_TIMESTAMP(6), UTC_TIMESTAMP(6));

